EpisodeNr,RescuedRatio,TornsRatio,BoredomRatio,TimeInActions,TotalReward
1,0.16666666666666666,0.8333333333333334,0.0,44,-305.0
2,0.0,0.8333333333333334,0.16666666666666666,43,-333.0
